,canonical_composer,canonical_title,split,year,midi_filename,audio_filename,duration
223,Franz Liszt,"Rhapsodie Espagnole, S. 254",train,2018,2018/MIDI-Unprocessed_Recital1-3_MID--AUDIO_02_R1_2018_wav--2.midi,2018/MIDI-Unprocessed_Recital1-3_MID--AUDIO_02_R1_2018_wav--2.wav,794.979172969
580,Frédéric Chopin,Etude Op. 25 No. 10 in B Minor,train,2011,2011/MIDI-Unprocessed_22_R1_2011_MID--AUDIO_R1-D8_11_Track11_wav.midi,2011/MIDI-Unprocessed_22_R1_2011_MID--AUDIO_R1-D8_11_Track11_wav.wav,237.826952344
41,Claude Debussy,"""Feux d'artifice"" from Book II",train,2008,2008/MIDI-Unprocessed_10_R3_2008_01-05_ORIG_MID--AUDIO_10_R3_2008_wav--4.midi,2008/MIDI-Unprocessed_10_R3_2008_01-05_ORIG_MID--AUDIO_10_R3_2008_wav--4.wav,242.752161094
529,Frédéric Chopin,"Barcarolle, Op. 60",train,2009,2009/MIDI-Unprocessed_10_R1_2009_03-05_ORIG_MID--AUDIO_10_R1_2009_10_R1_2009_03_WAV.midi,2009/MIDI-Unprocessed_10_R1_2009_03-05_ORIG_MID--AUDIO_10_R1_2009_10_R1_2009_03_WAV.wav,553.574499844
122,Edvard Grieg,"Lyric Piece in A Minor, “Waltz,” Op. 12 No. 2",train,2014,2014/MIDI-UNPROCESSED_21-22_R1_2014_MID--AUDIO_21_R1_2014_wav--1.midi,2014/MIDI-UNPROCESSED_21-22_R1_2014_MID--AUDIO_21_R1_2014_wav--1.wav,111.434183437
1133,Robert Schumann,"ABEGG Variations, Op. 1",train,2011,2011/MIDI-Unprocessed_08_R1_2011_MID--AUDIO_R1-D3_09_Track09_wav.midi,2011/MIDI-Unprocessed_08_R1_2011_MID--AUDIO_R1-D3_09_Track09_wav.wav,493.855008281
44,Claude Debussy,"""Ondine"" from Book II",train,2008,2008/MIDI-Unprocessed_10_R3_2008_01-05_ORIG_MID--AUDIO_10_R3_2008_wav--3.midi,2008/MIDI-Unprocessed_10_R3_2008_01-05_ORIG_MID--AUDIO_10_R3_2008_wav--3.wav,193.30108875
887,Johannes Brahms,"Variations and Fugue on the Theme of Händel, Op. 24",train,2014,2014/MIDI-UNPROCESSED_11-13_R1_2014_MID--AUDIO_11_R1_2014_wav--3.midi,2014/MIDI-UNPROCESSED_11-13_R1_2014_MID--AUDIO_11_R1_2014_wav--3.wav,1476.86016844
1229,Sergei Rachmaninoff,Sonata No. 2 in B-flat Minor,train,2004,2004/MIDI-Unprocessed_XP_15_R1_2004_04_ORIG_MID--AUDIO_15_R1_2004_04_Track04_wav.midi,2004/MIDI-Unprocessed_XP_15_R1_2004_04_ORIG_MID--AUDIO_15_R1_2004_04_Track04_wav.wav,1167.49976099
78,Claude Debussy,"Preludes No. 2, 6, 12",train,2004,2004/MIDI-Unprocessed_SMF_12_01_2004_01-05_ORIG_MID--AUDIO_12_R1_2004_09_Track09_wav.midi,2004/MIDI-Unprocessed_SMF_12_01_2004_01-05_ORIG_MID--AUDIO_12_R1_2004_09_Track09_wav.wav,260.039831171
1108,Nikolai Rimsky-Korsakov / Sergei Rachmaninoff,The Flight of the Bunble-Bee,train,2008,2008/MIDI-Unprocessed_08_R1_2008_01-05_ORIG_MID--AUDIO_08_R1_2008_wav--5.midi,2008/MIDI-Unprocessed_08_R1_2008_01-05_ORIG_MID--AUDIO_08_R1_2008_wav--5.wav,63.3786759375
1228,Sergei Rachmaninoff,Sonata No. 2 in B-Flat Minor Op. 36 (1913),train,2011,2011/MIDI-Unprocessed_12_R3_2011_MID--AUDIO_R3-D4_09_Track09_wav.midi,2011/MIDI-Unprocessed_12_R3_2011_MID--AUDIO_R3-D4_09_Track09_wav.wav,344.883469219
585,Frédéric Chopin,Etude Op. 25 No. 11 in A Minor,train,2008,2008/MIDI-Unprocessed_11_R1_2008_01-04_ORIG_MID--AUDIO_11_R1_2008_wav--4.midi,2008/MIDI-Unprocessed_11_R1_2008_01-04_ORIG_MID--AUDIO_11_R1_2008_wav--4.wav,238.691000625
499,Frédéric Chopin,"Andante spianato et grande polonaise brillante, Op. 22",train,2014,2014/MIDI-UNPROCESSED_04-05_R1_2014_MID--AUDIO_05_R1_2014_wav--7.midi,2014/MIDI-UNPROCESSED_04-05_R1_2014_MID--AUDIO_05_R1_2014_wav--7.wav,780.15947625
766,Johann Sebastian Bach,"Prelude and Fugue in C Major, WTC II, BWV 870",train,2015,2015/MIDI-Unprocessed_R1_D2-13-20_mid--AUDIO-from_mp3_20_R1_2015_wav--1.midi,2015/MIDI-Unprocessed_R1_D2-13-20_mid--AUDIO-from_mp3_20_R1_2015_wav--1.wav,258.54375
329,Franz Schubert,Impromptu Op. 90 No. 3 in G-flat,train,2008,2008/MIDI-Unprocessed_17_R2_2008_01-04_ORIG_MID--AUDIO_17_R2_2008_wav--3.midi,2008/MIDI-Unprocessed_17_R2_2008_01-04_ORIG_MID--AUDIO_17_R2_2008_wav--3.wav,300.25611
452,Franz Schubert,"Sonata in D Major, D850",train,2004,2004/MIDI-Unprocessed_XP_15_R2_2004_01_ORIG_MID--AUDIO_15_R2_2004_04_Track04_wav.midi,2004/MIDI-Unprocessed_XP_15_R2_2004_01_ORIG_MID--AUDIO_15_R2_2004_04_Track04_wav.wav,440.98053671
866,Johann Sebastian Bach / Myra Hess,"Jesu, Joy of Man’s Desiring, BWV 147",train,2014,2014/MIDI-UNPROCESSED_04-05_R1_2014_MID--AUDIO_05_R1_2014_wav--2.midi,2014/MIDI-UNPROCESSED_04-05_R1_2014_MID--AUDIO_05_R1_2014_wav--2.wav,204.798139219
872,Johannes Brahms,Intermezzo Op. 118 No. 6 in E-flat Minor,train,2008,2008/MIDI-Unprocessed_11_R1_2008_01-04_ORIG_MID--AUDIO_11_R1_2008_wav--3.midi,2008/MIDI-Unprocessed_11_R1_2008_01-04_ORIG_MID--AUDIO_11_R1_2008_wav--3.wav,322.240596563
1105,Nikolai Medtner,"Sonata Tragica, Op. 39, No. 5",train,2014,2014/MIDI-UNPROCESSED_09-10_R1_2014_MID--AUDIO_10_R1_2014_wav--5.midi,2014/MIDI-UNPROCESSED_09-10_R1_2014_MID--AUDIO_10_R1_2014_wav--5.wav,609.916590938
810,Johann Sebastian Bach,"Prelude and Fugue in E-flat Minor, WTC I, BWV 853",train,2017,2017/MIDI-Unprocessed_045_PIANO045_MID--AUDIO-split_07-06-17_Piano-e_2-01_wav--1.midi,2017/MIDI-Unprocessed_045_PIANO045_MID--AUDIO-split_07-06-17_Piano-e_2-01_wav--1.wav,513.906669879
236,Franz Liszt,Sonata in B Min.,train,2006,2006/MIDI-Unprocessed_24_R1_2006_01-05_ORIG_MID--AUDIO_24_R1_2006_05_Track05_wav.midi,2006/MIDI-Unprocessed_24_R1_2006_01-05_ORIG_MID--AUDIO_24_R1_2006_05_Track05_wav.wav,1396.30736437
681,Frédéric Chopin,"Sonata No. 3 in B Minor, Op. 58 (Complete)",train,2014,2014/MIDI-UNPROCESSED_21-22_R1_2014_MID--AUDIO_22_R1_2014_wav--5.midi,2014/MIDI-UNPROCESSED_21-22_R1_2014_MID--AUDIO_22_R1_2014_wav--5.wav,1458.97557094
649,Frédéric Chopin,"Scherzo No. 2 in B-flat Major, Op. 31",train,2017,2017/MIDI-Unprocessed_056_PIANO056_MID--AUDIO-split_07-07-17_Piano-e_1-05_wav--4.midi,2017/MIDI-Unprocessed_056_PIANO056_MID--AUDIO-split_07-07-17_Piano-e_1-05_wav--4.wav,558.0485476
1057,Ludwig van Beethoven,"Thirty-Two Variaions in C Minor, WoO80",train,2011,2011/MIDI-Unprocessed_12_R3_2011_MID--AUDIO_R3-D4_03_Track03_wav.midi,2011/MIDI-Unprocessed_12_R3_2011_MID--AUDIO_R3-D4_03_Track03_wav.wav,628.812138281
426,Franz Schubert,"Sonata in C Minor, D. 958 (Complete)",train,2014,2014/MIDI-UNPROCESSED_19-20-21_R2_2014_MID--AUDIO_21_R2_2014_wav.midi,2014/MIDI-UNPROCESSED_19-20-21_R2_2014_MID--AUDIO_21_R2_2014_wav.wav,1766.21885344
854,Johann Sebastian Bach,"Toccata in E Minor, BWV 914",train,2008,2008/MIDI-Unprocessed_12_R2_2008_01-04_ORIG_MID--AUDIO_12_R2_2008_wav--1.midi,2008/MIDI-Unprocessed_12_R2_2008_01-04_ORIG_MID--AUDIO_12_R2_2008_wav--1.wav,419.617635937
856,Johann Sebastian Bach / Egon Petri,"""Sheep May Safely Graze""",train,2013,2013/ORIG-MIDI_02_7_7_13_Group__MID--AUDIO_18_R1_2013_wav--4.midi,2013/ORIG-MIDI_02_7_7_13_Group__MID--AUDIO_18_R1_2013_wav--4.wav,262.753476562
679,Frédéric Chopin,"Sonata No. 3 in B Minor, Op. 58",train,2018,2018/MIDI-Unprocessed_Chamber5_MID--AUDIO_18_R3_2018_wav--1.midi,2018/MIDI-Unprocessed_Chamber5_MID--AUDIO_18_R3_2018_wav--1.wav,1607.37152297
1120,Pyotr Ilyich Tchaikovsky / Mikhail Pletnev,"Intermezzo from ""Nutcracker Suite""",train,2008,2008/MIDI-Unprocessed_02_R2_2008_01-05_ORIG_MID--AUDIO_02_R2_2008_wav--3.midi,2008/MIDI-Unprocessed_02_R2_2008_01-05_ORIG_MID--AUDIO_02_R2_2008_wav--3.wav,241.512846094
837,Johann Sebastian Bach,"Prelude and Fugue in G Minor, WTC II",train,2008,2008/MIDI-Unprocessed_04_R1_2008_01-04_ORIG_MID--AUDIO_04_R1_2008_wav--1.midi,2008/MIDI-Unprocessed_04_R1_2008_01-04_ORIG_MID--AUDIO_04_R1_2008_wav--1.wav,349.715195156
1139,Robert Schumann,"Carnaval, Op. 9",train,2014,2014/MIDI-UNPROCESSED_01-03_R1_2014_MID--AUDIO_03_R1_2014_wav--6.midi,2014/MIDI-UNPROCESSED_01-03_R1_2014_MID--AUDIO_03_R1_2014_wav--6.wav,1286.41030547
147,Felix Mendelssohn,"Variations Serieuses, Op. 54",train,2011,2011/MIDI-Unprocessed_23_R3_2011_MID--AUDIO_R3-D8_05_Track05_wav.midi,2011/MIDI-Unprocessed_23_R3_2011_MID--AUDIO_R3-D8_05_Track05_wav.wav,706.74074625
280,Franz Liszt,"Venezia e Napoli, S. 162",train,2018,2018/MIDI-Unprocessed_Recital17-19_MID--AUDIO_19_R1_2018_wav--4.midi,2018/MIDI-Unprocessed_Recital17-19_MID--AUDIO_19_R1_2018_wav--4.wav,990.913806094
1034,Ludwig van Beethoven,"Sonata No. 7 in D Major, Op. 10 No. 3, First Movement",train,2011,2011/MIDI-Unprocessed_06_R1_2011_MID--AUDIO_R1-D2_15_Track15_wav.midi,2011/MIDI-Unprocessed_06_R1_2011_MID--AUDIO_R1-D2_15_Track15_wav.wav,278.132734688
541,Frédéric Chopin,Etude Op. 10 No. 1,train,2015,2015/MIDI-Unprocessed_R1_D1-9-12_mid--AUDIO-from_mp3_10_R1_2015_wav--2.midi,2015/MIDI-Unprocessed_R1_D1-9-12_mid--AUDIO-from_mp3_10_R1_2015_wav--2.wav,115.634375
910,Joseph Haydn,"Sonata in C Major, Hob. XVI:48 (Complete)",train,2014,2014/MIDI-UNPROCESSED_21-22_R1_2014_MID--AUDIO_22_R1_2014_wav--1.midi,2014/MIDI-UNPROCESSED_21-22_R1_2014_MID--AUDIO_22_R1_2014_wav--1.wav,705.326484844
1025,Ludwig van Beethoven,"Sonata No. 4 in E-flat Major, Op. 7, First Movement",train,2011,2011/MIDI-Unprocessed_22_R1_2011_MID--AUDIO_R1-D8_13_Track13_wav.midi,2011/MIDI-Unprocessed_22_R1_2011_MID--AUDIO_R1-D8_13_Track13_wav.wav,332.583802031
741,Johann Sebastian Bach,"Prelude and Fugue in A Minor, WTC I, BWV 865",train,2011,2011/MIDI-Unprocessed_25_R1_2011_MID--AUDIO_R1-D9_14_Track14_wav.midi,2011/MIDI-Unprocessed_25_R1_2011_MID--AUDIO_R1-D9_14_Track14_wav.wav,303.235540781
934,Leoš Janáček,In the Mists,train,2018,2018/MIDI-Unprocessed_Recital9-11_MID--AUDIO_10_R1_2018_wav--1.midi,2018/MIDI-Unprocessed_Recital9-11_MID--AUDIO_10_R1_2018_wav--1.wav,855.393108281
1110,Percy Grainger,Ramble on the Last Love - Duet,train,2018,2018/MIDI-Unprocessed_Recital1-3_MID--AUDIO_02_R1_2018_wav--3.midi,2018/MIDI-Unprocessed_Recital1-3_MID--AUDIO_02_R1_2018_wav--3.wav,441.12135375
1152,Robert Schumann,"Kreisleriana, Op. 16 (1st edition) (Complete)",train,2014,2014/MIDI-UNPROCESSED_11-13_R1_2014_MID--AUDIO_12_R1_2014_wav--1.midi,2014/MIDI-UNPROCESSED_11-13_R1_2014_MID--AUDIO_12_R1_2014_wav--1.wav,1873.31276344
999,Ludwig van Beethoven,"Sonata No. 26 in 3-flat Major, Op. 81a (2nd & 3rd Movements)",train,2004,2004/MIDI-Unprocessed_XP_09_R1_2004_01-02_ORIG_MID--AUDIO_09_R1_2004_03_Track03_wav.midi,2004/MIDI-Unprocessed_XP_09_R1_2004_01-02_ORIG_MID--AUDIO_09_R1_2004_03_Track03_wav.wav,453.392893256
360,Franz Schubert,Son. in Bb D.962,train,2006,2006/MIDI-Unprocessed_09_R2_2006_01_ORIG_MID--AUDIO_09_R2_2006_03_Track03_wav.midi,2006/MIDI-Unprocessed_09_R2_2006_01_ORIG_MID--AUDIO_09_R2_2006_03_Track03_wav.wav,772.517924063
449,Franz Schubert,"Sonata in D Major, D850",train,2004,2004/MIDI-Unprocessed_XP_15_R2_2004_01_ORIG_MID--AUDIO_15_R2_2004_01_Track01_wav.midi,2004/MIDI-Unprocessed_XP_15_R2_2004_01_ORIG_MID--AUDIO_15_R2_2004_01_Track01_wav.wav,396.018062513
739,Johann Sebastian Bach,"Prelude and Fugue in A Major, WTC II, BWV 888",train,2015,2015/MIDI-Unprocessed_R1_D2-13-20_mid--AUDIO-from_mp3_13_R1_2015_wav--1.midi,2015/MIDI-Unprocessed_R1_D2-13-20_mid--AUDIO-from_mp3_13_R1_2015_wav--1.wav,173.611458333
808,Johann Sebastian Bach,"Prelude and Fugue in E-flat Minor WTC I, BWV 853",train,2017,2017/MIDI-Unprocessed_058_PIANO058_MID--AUDIO-split_07-07-17_Piano-e_2-02_wav--1.midi,2017/MIDI-Unprocessed_058_PIANO058_MID--AUDIO-split_07-07-17_Piano-e_2-02_wav--1.wav,511.423776062
377,Franz Schubert,"Sonata in A Major, D959",train,2018,2018/MIDI-Unprocessed_Schubert1-3_MID--AUDIO_07_R2_2018_wav.midi,2018/MIDI-Unprocessed_Schubert1-3_MID--AUDIO_07_R2_2018_wav.wav,2244.51297984
734,Johann Sebastian Bach,"Prelude & Fugue in B flat minor, Book I, BWV 867",train,2013,2013/ORIG-MIDI_01_7_6_13_Group__MID--AUDIO_02_R1_2013_wav--1.midi,2013/ORIG-MIDI_01_7_6_13_Group__MID--AUDIO_02_R1_2013_wav--1.wav,323.019174844
457,Franz Schubert,"Sonata in G Major, D 894",train,2004,2004/MIDI-Unprocessed_XP_17_R2_2004_01_ORIG_MID--AUDIO_17_R2_2004_01_Track01_wav.midi,2004/MIDI-Unprocessed_XP_17_R2_2004_01_ORIG_MID--AUDIO_17_R2_2004_01_Track01_wav.wav,749.203986423
857,Johann Sebastian Bach / Egon Petri,"Sheep May Safely Graze, from Bach's Birthday Cantata",train,2004,2004/MIDI-Unprocessed_XP_14_R1_2004_01-03_ORIG_MID--AUDIO_14_R1_2004_01_Track01_wav.midi,2004/MIDI-Unprocessed_XP_14_R1_2004_01-03_ORIG_MID--AUDIO_14_R1_2004_01_Track01_wav.wav,273.688295181
903,Joseph Haydn,"Sonata in A-flat Major, No. 31 Hob. XVI:46, 1st mov.",train,2013,2013/ORIG-MIDI_03_7_6_13_Group__MID--AUDIO_10_R1_2013_wav--2.midi,2013/ORIG-MIDI_03_7_6_13_Group__MID--AUDIO_10_R1_2013_wav--2.wav,276.880065
1115,Pyotr Ilyich Tchaikovsky,Russian Scherzo Op. 1,train,2008,2008/MIDI-Unprocessed_09_R1_2008_01-05_ORIG_MID--AUDIO_09_R1_2008_wav--5.midi,2008/MIDI-Unprocessed_09_R1_2008_01-05_ORIG_MID--AUDIO_09_R1_2008_wav--5.wav,366.701022187
52,Claude Debussy,"Etude No. 6, Book I, ""Pour les huits doigts""",train,2008,2008/MIDI-Unprocessed_11_R2_2008_01-05_ORIG_MID--AUDIO_11_R2_2008_wav--2.midi,2008/MIDI-Unprocessed_11_R2_2008_01-05_ORIG_MID--AUDIO_11_R2_2008_wav--2.wav,79.3348565625
312,Franz Schubert,"Impromptu Op. 142 No. 3, in B-Flat Major, D935",train,2011,2011/MIDI-Unprocessed_10_R2_2011_MID--AUDIO_R2-D3_10_Track10_wav.midi,2011/MIDI-Unprocessed_10_R2_2011_MID--AUDIO_R2-D3_10_Track10_wav.wav,696.215917031
914,Joseph Haydn,"Sonata in C Major, Hob. XVI:50, 1st mov.",train,2013,2013/ORIG-MIDI_01_7_6_13_Group__MID--AUDIO_04_R1_2013_wav--2.midi,2013/ORIG-MIDI_01_7_6_13_Group__MID--AUDIO_04_R1_2013_wav--2.wav,290.9612475
1095,Modest Mussorgsky,Pictures at an Exhibition,train,2018,2018/MIDI-Unprocessed_Recital8_MID--AUDIO_08_R1_2018_wav--4.midi,2018/MIDI-Unprocessed_Recital8_MID--AUDIO_08_R1_2018_wav--4.wav,1906.30017703
769,Johann Sebastian Bach,"Prelude and Fugue in C-Sharp Major, WTC I, BWV 848",train,2011,2011/MIDI-Unprocessed_04_R1_2011_MID--AUDIO_R1-D2_02_Track02_wav.midi,2011/MIDI-Unprocessed_04_R1_2011_MID--AUDIO_R1-D2_02_Track02_wav.wav,208.378530937
1169,Robert Schumann,"Symphonic Etudes, Op. 13",train,2015,2015/MIDI-Unprocessed_R2_D2-12-13-15_mid--AUDIO-from_mp3_15_R2_2015_wav--3.midi,2015/MIDI-Unprocessed_R2_D2-12-13-15_mid--AUDIO-from_mp3_15_R2_2015_wav--3.wav,1058.59166667
1046,Ludwig van Beethoven,"Sonata in A-flat, Op. 110",train,2004,2004/MIDI-Unprocessed_XP_01_R1_2004_01-02_ORIG_MID--AUDIO_01_R1_2004_02_Track02_wav.midi,2004/MIDI-Unprocessed_XP_01_R1_2004_01-02_ORIG_MID--AUDIO_01_R1_2004_02_Track02_wav.wav,362.762818735
728,Johann Sebastian Bach,"Partita No. 2 in C Minor, I. Sinfonia",train,2013,2013/ORIG-MIDI_02_7_8_13_Group__MID--AUDIO_12_R2_2013_wav--1.midi,2013/ORIG-MIDI_02_7_8_13_Group__MID--AUDIO_12_R2_2013_wav--1.wav,265.774306875
694,George Frideric Handel,Suite No. 3 in D Minor,train,2009,2009/MIDI-Unprocessed_12_R1_2009_01-02_ORIG_MID--AUDIO_12_R1_2009_12_R1_2009_01_WAV.midi,2009/MIDI-Unprocessed_12_R1_2009_01-02_ORIG_MID--AUDIO_12_R1_2009_12_R1_2009_01_WAV.wav,856.080874687
996,Ludwig van Beethoven,"Sonata No. 24 in F-sharp Major, Op. 78",train,2011,2011/MIDI-Unprocessed_24_R1_2011_MID--AUDIO_R1-D9_09_Track09_wav.midi,2011/MIDI-Unprocessed_24_R1_2011_MID--AUDIO_R1-D9_09_Track09_wav.wav,397.693245469
989,Ludwig van Beethoven,"Sonata No. 23 in F Minor, Op. 57 (Complete)",train,2015,2015/MIDI-Unprocessed_R1_D1-9-12_mid--AUDIO-from_mp3_10_R1_2015_wav--3.midi,2015/MIDI-Unprocessed_R1_D1-9-12_mid--AUDIO-from_mp3_10_R1_2015_wav--3.wav,1251.28854167
519,Frédéric Chopin,"Ballade No. 3 in A-flat Major, Op. 47",train,2011,2011/MIDI-Unprocessed_10_R2_2011_MID--AUDIO_R2-D3_11_Track11_wav.midi,2011/MIDI-Unprocessed_10_R2_2011_MID--AUDIO_R2-D3_11_Track11_wav.wav,424.21966125
531,Frédéric Chopin,"Barcarolle, Op. 60",train,2013,2013/ORIG-MIDI_01_7_10_13_Group_MID--AUDIO_07_R3_2013_wav--3.midi,2013/ORIG-MIDI_01_7_10_13_Group_MID--AUDIO_07_R3_2013_wav--3.wav,536.125265156
57,Claude Debussy,"Images Book 1 (Complete), L 110",train,2014,2014/MIDI-UNPROCESSED_09-10_R1_2014_MID--AUDIO_10_R1_2014_wav--4.midi,2014/MIDI-UNPROCESSED_09-10_R1_2014_MID--AUDIO_10_R1_2014_wav--4.wav,903.260314687
306,Franz Schubert,"Impromptu Op. 142 No. 3 in B-flat Major, D. 935",train,2017,2017/MIDI-Unprocessed_080_PIANO080_MID--AUDIO-split_07-09-17_Piano-e_1-06_wav--1.midi,2017/MIDI-Unprocessed_080_PIANO080_MID--AUDIO-split_07-09-17_Piano-e_1-06_wav--1.wav,551.678920692
1202,Sergei Rachmaninoff,Moments Musicaux,train,2006,2006/MIDI-Unprocessed_22_R1_2006_01-04_ORIG_MID--AUDIO_22_R1_2006_04_Track04_wav.midi,2006/MIDI-Unprocessed_22_R1_2006_01-04_ORIG_MID--AUDIO_22_R1_2006_04_Track04_wav.wav,1750.78350563
878,Johannes Brahms,"Six Pieces for Piano, Op. 118",train,2013,2013/ORIG-MIDI_03_7_10_13_Group_MID--AUDIO_17_R3_2013_wav--3.midi,2013/ORIG-MIDI_03_7_10_13_Group_MID--AUDIO_17_R3_2013_wav--3.wav,1335.99759563
1028,Ludwig van Beethoven,"Sonata No. 4 in E-flat Major, Op. 7, I. Allegro molto e con brio",train,2017,2017/MIDI-Unprocessed_061_PIANO061_MID--AUDIO-split_07-07-17_Piano-e_2-05_wav--2.midi,2017/MIDI-Unprocessed_061_PIANO061_MID--AUDIO-split_07-07-17_Piano-e_2-05_wav--2.wav,333.371229721
91,Domenico Scarlatti,Sonata K. 466,train,2008,2008/MIDI-Unprocessed_09_R3_2008_01-07_ORIG_MID--AUDIO_09_R3_2008_wav--3.midi,2008/MIDI-Unprocessed_09_R3_2008_01-07_ORIG_MID--AUDIO_09_R3_2008_wav--3.wav,121.187111719
725,Johann Sebastian Bach,"Italian Concerto, BWV 971 (Complete)",train,2015,2015/MIDI-Unprocessed_R2_D1-2-3-6-7-8-11_mid--AUDIO-from_mp3_07_R2_2015_wav--1.midi,2015/MIDI-Unprocessed_R2_D1-2-3-6-7-8-11_mid--AUDIO-from_mp3_07_R2_2015_wav--1.wav,771.034375
1047,Ludwig van Beethoven,"Sonata in A-flat, Op. 110",train,2004,2004/MIDI-Unprocessed_XP_01_R1_2004_01-02_ORIG_MID--AUDIO_01_R1_2004_03_Track03_wav.midi,2004/MIDI-Unprocessed_XP_01_R1_2004_01-02_ORIG_MID--AUDIO_01_R1_2004_03_Track03_wav.wav,732.784163067
755,Johann Sebastian Bach,"Prelude and Fugue in B Minor, WTC II",train,2008,2008/MIDI-Unprocessed_06_R1_2008_01-04_ORIG_MID--AUDIO_06_R1_2008_wav--1.midi,2008/MIDI-Unprocessed_06_R1_2008_01-04_ORIG_MID--AUDIO_06_R1_2008_wav--1.wav,223.900684219
1090,Modest Mussorgsky,Pictures at an E,train,2006,2006/MIDI-Unprocessed_04_R1_2006_01-04_ORIG_MID--AUDIO_04_R1_2006_04_Track04_wav.midi,2006/MIDI-Unprocessed_04_R1_2006_01-04_ORIG_MID--AUDIO_04_R1_2006_04_Track04_wav.wav,1749.46940438
685,Frédéric Chopin,"Two Preludes from Op. 28, Nos. 15 and 24",train,2011,2011/MIDI-Unprocessed_11_R1_2011_MID--AUDIO_R1-D4_10_Track10_wav.midi,2011/MIDI-Unprocessed_11_R1_2011_MID--AUDIO_R1-D4_10_Track10_wav.wav,282.30741
1100,Muzio Clementi,Sonata in F# Min,train,2006,2006/MIDI-Unprocessed_15_R1_2006_01-05_ORIG_MID--AUDIO_15_R1_2006_01_Track01_wav.midi,2006/MIDI-Unprocessed_15_R1_2006_01-05_ORIG_MID--AUDIO_15_R1_2006_01_Track01_wav.wav,649.095237656
405,Franz Schubert,"Sonata in B-flat Major, D960",train,2004,2004/MIDI-Unprocessed_XP_14_R2_2004_01_ORIG_MID--AUDIO_14_R2_2004_01_Track01_wav.midi,2004/MIDI-Unprocessed_XP_14_R2_2004_01_ORIG_MID--AUDIO_14_R2_2004_01_Track01_wav.wav,902.321056094
454,Franz Schubert,Sonata in G Major D894,train,2018,2018/MIDI-Unprocessed_Schubert7-9_MID--AUDIO_15_R2_2018_wav.midi,2018/MIDI-Unprocessed_Schubert7-9_MID--AUDIO_15_R2_2018_wav.wav,2076.61384219
1092,Modest Mussorgsky,Pictures at an Exhibition,train,2004,2004/MIDI-Unprocessed_XP_03_R1_2004_01-02_ORIG_MID--AUDIO_03_R1_2004_02_Track02_wav.midi,2004/MIDI-Unprocessed_XP_03_R1_2004_01-02_ORIG_MID--AUDIO_03_R1_2004_02_Track02_wav.wav,1958.31687252
16,Alexander Scriabin,"Prelude and Nocturne for Left Hand, Op. 9",train,2008,2008/MIDI-Unprocessed_01_R1_2008_01-04_ORIG_MID--AUDIO_01_R1_2008_wav--3.midi,2008/MIDI-Unprocessed_01_R1_2008_01-04_ORIG_MID--AUDIO_01_R1_2008_wav--3.wav,463.605305625
490,Frédéric Chopin,"24 Preludes, Op. 28",train,2004,2004/MIDI-Unprocessed_XP_06_R1_2004_01_ORIG_MID--AUDIO_06_R1_2004_01_Track01_wav.midi,2004/MIDI-Unprocessed_XP_06_R1_2004_01_ORIG_MID--AUDIO_06_R1_2004_01_Track01_wav.wav,2398.64035989
55,Claude Debussy,Four Preludes,train,2006,2006/MIDI-Unprocessed_14_R1_2006_01-05_ORIG_MID--AUDIO_14_R1_2006_03_Track03_wav.midi,2006/MIDI-Unprocessed_14_R1_2006_01-05_ORIG_MID--AUDIO_14_R1_2006_03_Track03_wav.wav,672.901303594
760,Johann Sebastian Bach,"Prelude and Fugue in B-flat Minor, WTC I, BWV 867",train,2013,2013/ORIG-MIDI_02_7_7_13_Group__MID--AUDIO_15_R1_2013_wav--1.midi,2013/ORIG-MIDI_02_7_7_13_Group__MID--AUDIO_15_R1_2013_wav--1.wav,316.22831625
409,Franz Schubert,"Sonata in B-flat Major, D960",train,2004,2004/MIDI-Unprocessed_XP_16_R2_2004_01_ORIG_MID--AUDIO_16_R2_2004_01_Track01_wav.midi,2004/MIDI-Unprocessed_XP_16_R2_2004_01_ORIG_MID--AUDIO_16_R2_2004_01_Track01_wav.wav,917.292165775
133,Felix Mendelssohn,Variations Serieuses Op. 54,train,2017,2017/MIDI-Unprocessed_083_PIANO083_MID--AUDIO-split_07-09-17_Piano-e_2_-06_wav--4.midi,2017/MIDI-Unprocessed_083_PIANO083_MID--AUDIO-split_07-09-17_Piano-e_2_-06_wav--4.wav,632.121902587
1264,Wolfgang Amadeus Mozart,"Sonata in D-Major, K. 311, First Movement",train,2011,2011/MIDI-Unprocessed_07_R1_2011_MID--AUDIO_R1-D3_04_Track04_wav.midi,2011/MIDI-Unprocessed_07_R1_2011_MID--AUDIO_R1-D3_04_Track04_wav.wav,194.098363594
166,Franz Liszt,"Ballade No. 2 in B Minor, S. 171",train,2011,2011/MIDI-Unprocessed_16_R2_2011_MID--AUDIO_R2-D4_08_Track08_wav.midi,2011/MIDI-Unprocessed_16_R2_2011_MID--AUDIO_R2-D4_08_Track08_wav.wav,821.002117031
158,Franz Liszt,"""La Campanella""",train,2008,2008/MIDI-Unprocessed_18_R1_2008_01-04_ORIG_MID--AUDIO_18_R1_2008_wav--4.midi,2008/MIDI-Unprocessed_18_R1_2008_01-04_ORIG_MID--AUDIO_18_R1_2008_wav--4.wav,269.971685156
576,Frédéric Chopin,Etude Op. 25 No. 1 in A-flat Major,train,2017,2017/MIDI-Unprocessed_056_PIANO056_MID--AUDIO-split_07-07-17_Piano-e_1-05_wav--2.midi,2017/MIDI-Unprocessed_056_PIANO056_MID--AUDIO-split_07-07-17_Piano-e_1-05_wav--2.wav,147.718293271
521,Frédéric Chopin,"Ballade No. 4 in F Minor, Op. 52",train,2008,2008/MIDI-Unprocessed_12_R3_2008_01-04_ORIG_MID--AUDIO_12_R3_2008_wav--2.midi,2008/MIDI-Unprocessed_12_R3_2008_01-04_ORIG_MID--AUDIO_12_R3_2008_wav--2.wav,616.031702344
1239,Wolfgang Amadeus Mozart,"Nine Variations, K. 264",train,2009,2009/MIDI-Unprocessed_04_R1_2009_01-03_ORIG_MID--AUDIO_04_R1_2009_04_R1_2009_02_WAV.midi,2009/MIDI-Unprocessed_04_R1_2009_01-03_ORIG_MID--AUDIO_04_R1_2009_04_R1_2009_02_WAV.wav,735.7471275
861,Johann Sebastian Bach / Ferruccio Busoni,"Chaconne in D Minor, BWV 1004",train,2004,2004/MIDI-Unprocessed_SMF_13_01_2004_01-05_ORIG_MID--AUDIO_13_R1_2004_02_Track02_wav.midi,2004/MIDI-Unprocessed_SMF_13_01_2004_01-05_ORIG_MID--AUDIO_13_R1_2004_02_Track02_wav.wav,832.292416525
1205,Sergei Rachmaninoff,"Moments Musicaux, Op. 16",train,2011,2011/MIDI-Unprocessed_17_R3_2011_MID--AUDIO_R3-D6_05_Track05_wav.midi,2011/MIDI-Unprocessed_17_R3_2011_MID--AUDIO_R3-D6_05_Track05_wav.wav,224.7861
321,Franz Schubert,"Impromptu Op. 90 No. 1, in C Minor, D899",train,2011,2011/MIDI-Unprocessed_04_R2_2011_MID--AUDIO_R2-D2_02_Track02_wav.midi,2011/MIDI-Unprocessed_04_R2_2011_MID--AUDIO_R2-D2_02_Track02_wav.wav,588.366131719
1159,Robert Schumann,"Sonata No. 2 in G Minor, Op. 22",validation,2018,2018/MIDI-Unprocessed_Recital4_MID--AUDIO_04_R1_2018_wav--4.midi,2018/MIDI-Unprocessed_Recital4_MID--AUDIO_04_R1_2018_wav--4.wav,976.820604375
938,Ludwig van Beethoven,"15 Variations and Fugue in Eb on an Original Theme ('Eroica Variations'), Op.35",validation,2004,2004/MIDI-Unprocessed_SMF_13_01_2004_01-05_ORIG_MID--AUDIO_13_R1_2004_05_Track05_wav.midi,2004/MIDI-Unprocessed_SMF_13_01_2004_01-05_ORIG_MID--AUDIO_13_R1_2004_05_Track05_wav.wav,1402.55462314
283,Franz Liszt,"Études d'exécution transcendante, No. 12, ""Chasse-Neige"" S.139/12",validation,2017,2017/MIDI-Unprocessed_055_PIANO055_MID--AUDIO-split_07-07-17_Piano-e_1-04_wav--3.midi,2017/MIDI-Unprocessed_055_PIANO055_MID--AUDIO-split_07-07-17_Piano-e_1-04_wav--3.wav,270.732647762
1265,Wolfgang Amadeus Mozart,Sonata in F,validation,2006,2006/MIDI-Unprocessed_16_R1_2006_01-04_ORIG_MID--AUDIO_16_R1_2006_01_Track01_wav.midi,2006/MIDI-Unprocessed_16_R1_2006_01-04_ORIG_MID--AUDIO_16_R1_2006_01_Track01_wav.wav,1075.48904203
824,Johann Sebastian Bach,"Prelude and Fugue in F-sharp Minor, WTC II",validation,2008,2008/MIDI-Unprocessed_05_R1_2008_01-04_ORIG_MID--AUDIO_05_R1_2008_wav--1.midi,2008/MIDI-Unprocessed_05_R1_2008_01-04_ORIG_MID--AUDIO_05_R1_2008_wav--1.wav,437.084231719
4,Alexander Scriabin,"3 Etudes, Op. 65",validation,2006,2006/MIDI-Unprocessed_17_R1_2006_01-06_ORIG_MID--AUDIO_17_R1_2006_04_Track04_wav.midi,2006/MIDI-Unprocessed_17_R1_2006_01-06_ORIG_MID--AUDIO_17_R1_2006_04_Track04_wav.wav,397.857508125
1134,Robert Schumann,"Arabesque, Op. 18",validation,2014,2014/MIDI-UNPROCESSED_01-03_R1_2014_MID--AUDIO_01_R1_2014_wav--5.midi,2014/MIDI-UNPROCESSED_01-03_R1_2014_MID--AUDIO_01_R1_2014_wav--5.wav,435.444276094
1135,Robert Schumann,"Arabesque, Op. 18",validation,2013,2013/ORIG-MIDI_03_7_10_13_Group_MID--AUDIO_15_R3_2013_wav--2.midi,2013/ORIG-MIDI_03_7_10_13_Group_MID--AUDIO_15_R3_2013_wav--2.wav,382.695931406
568,Frédéric Chopin,Etude Op. 10 No. 5 in G-flat Major,validation,2017,2017/MIDI-Unprocessed_062_PIANO062_MID--AUDIO-split_07-07-17_Piano-e_2-07_wav--3.midi,2017/MIDI-Unprocessed_062_PIANO062_MID--AUDIO-split_07-07-17_Piano-e_2-07_wav--3.wav,98.7099864042
752,Johann Sebastian Bach,"Prelude and Fugue in B Major, WTC I, BWV 868",validation,2014,2014/MIDI-UNPROCESSED_01-03_R1_2014_MID--AUDIO_03_R1_2014_wav--2.midi,2014/MIDI-UNPROCESSED_01-03_R1_2014_MID--AUDIO_03_R1_2014_wav--2.wav,188.697727969
206,Franz Liszt,"Hungarian Rhapsody, No. 12",validation,2004,2004/MIDI-Unprocessed_XP_11_R1_2004_03-04_ORIG_MID--AUDIO_11_R1_2004_04_Track04_wav.midi,2004/MIDI-Unprocessed_XP_11_R1_2004_03-04_ORIG_MID--AUDIO_11_R1_2004_04_Track04_wav.wav,569.204517423
250,Franz Liszt,"Tarantelle di Bravura, S. 386",validation,2009,2009/MIDI-Unprocessed_16_R1_2009_03-06_ORIG_MID--AUDIO_16_R1_2009_16_R1_2009_03_WAV.midi,2009/MIDI-Unprocessed_16_R1_2009_03-06_ORIG_MID--AUDIO_16_R1_2009_16_R1_2009_03_WAV.wav,626.159897344
276,Franz Liszt,"Valse-Impromptu, S. 213",validation,2015,2015/MIDI-Unprocessed_R1_D1-1-8_mid--AUDIO-from_mp3_05_R1_2015_wav--1.midi,2015/MIDI-Unprocessed_R1_D1-1-8_mid--AUDIO-from_mp3_05_R1_2015_wav--1.wav,342.2875
1013,Ludwig van Beethoven,"Sonata No. 3, Op. 2 No. 3 in C major, I. Allegro con brio",test,2017,2017/MIDI-Unprocessed_065_PIANO065_MID--AUDIO-split_07-07-17_Piano-e_3-01_wav--2.midi,2017/MIDI-Unprocessed_065_PIANO065_MID--AUDIO-split_07-07-17_Piano-e_3-01_wav--2.wav,450.154845513
1223,Sergei Rachmaninoff,"Prelude in G-Sharp Minor,Op. 32 No. 12",test,2011,2011/MIDI-Unprocessed_03_R2_2011_MID--AUDIO_R2-D1_06_Track06_wav.midi,2011/MIDI-Unprocessed_03_R2_2011_MID--AUDIO_R2-D1_06_Track06_wav.wav,127.737585938
373,Franz Schubert,"Sonata in A Major, D. 664, I. Allegro moderato",test,2017,2017/MIDI-Unprocessed_071_PIANO071_MID--AUDIO-split_07-08-17_Piano-e_1-04_wav--2.midi,2017/MIDI-Unprocessed_071_PIANO071_MID--AUDIO-split_07-08-17_Piano-e_1-04_wav--2.wav,342.161784937
1189,Sergei Rachmaninoff,Etude-Tableaux Op. 39 No. 5 in E-flat Minor,test,2008,2008/MIDI-Unprocessed_05_R1_2008_01-04_ORIG_MID--AUDIO_05_R1_2008_wav--4.midi,2008/MIDI-Unprocessed_05_R1_2008_01-04_ORIG_MID--AUDIO_05_R1_2008_wav--4.wav,273.573444375
233,Franz Liszt,"Réminiscences de Don Juan, S.418",test,2014,2014/MIDI-UNPROCESSED_11-13_R1_2014_MID--AUDIO_13_R1_2014_wav--6.midi,2014/MIDI-UNPROCESSED_11-13_R1_2014_MID--AUDIO_13_R1_2014_wav--6.wav,977.023595625
1145,Robert Schumann,"Gesänge der Frühe, Op. 133",test,2014,2014/MIDI-UNPROCESSED_01-03_R1_2014_MID--AUDIO_02_R1_2014_wav--4.midi,2014/MIDI-UNPROCESSED_01-03_R1_2014_MID--AUDIO_02_R1_2014_wav--4.wav,638.000163281
751,Johann Sebastian Bach,"Prelude and Fugue in A-flat Major, WTC I, BWV 862",test,2013,2013/ORIG-MIDI_01_7_6_13_Group__MID--AUDIO_04_R1_2013_wav--1.midi,2013/ORIG-MIDI_01_7_6_13_Group__MID--AUDIO_04_R1_2013_wav--1.wav,208.19423625
172,Franz Liszt,"Concert Etude No. 2 ""Gnomenreigen""",test,2013,2013/ORIG-MIDI_02_7_6_13_Group__MID--AUDIO_08_R1_2013_wav--5.midi,2013/ORIG-MIDI_02_7_6_13_Group__MID--AUDIO_08_R1_2013_wav--5.wav,161.806729219
291,Franz Schubert,"""Erlkoenig""",test,2009,2009/MIDI-Unprocessed_08_R1_2009_01-04_ORIG_MID--AUDIO_08_R1_2009_08_R1_2009_04_WAV.midi,2009/MIDI-Unprocessed_08_R1_2009_01-04_ORIG_MID--AUDIO_08_R1_2009_08_R1_2009_04_WAV.wav,274.736637656
624,Frédéric Chopin,"Nocturne in B Major, Op. 9, No. 3",test,2014,2014/MIDI-UNPROCESSED_01-03_R1_2014_MID--AUDIO_03_R1_2014_wav--4.midi,2014/MIDI-UNPROCESSED_01-03_R1_2014_MID--AUDIO_03_R1_2014_wav--4.wav,352.914978281
1010,Ludwig van Beethoven,"Sonata No. 3 in C Major, Op. 2 No. 3, First Movement",test,2008,2008/MIDI-Unprocessed_10_R1_2008_01-04_ORIG_MID--AUDIO_10_R1_2008_wav--2.midi,2008/MIDI-Unprocessed_10_R1_2008_01-04_ORIG_MID--AUDIO_10_R1_2008_wav--2.wav,430.0636725
632,Frédéric Chopin,Polonaise Op. 26 in E-flat Minor,test,2008,2008/MIDI-Unprocessed_09_R2_2008_01-05_ORIG_MID--AUDIO_09_R2_2008_wav--3.midi,2008/MIDI-Unprocessed_09_R2_2008_01-05_ORIG_MID--AUDIO_09_R2_2008_wav--3.wav,423.697492969
1030,Ludwig van Beethoven,"Sonata No. 5 in C Minor, Op. 10 No. 1, I. Allegro molto e con brio",test,2015,2015/MIDI-Unprocessed_R1_D2-13-20_mid--AUDIO-from_mp3_16_R1_2015_wav--2.midi,2015/MIDI-Unprocessed_R1_D2-13-20_mid--AUDIO-from_mp3_16_R1_2015_wav--2.wav,236.041666667
162,Franz Liszt,Au bord d'une source,test,2013,2013/ORIG-MIDI_02_7_6_13_Group__MID--AUDIO_08_R1_2013_wav--4.midi,2013/ORIG-MIDI_02_7_6_13_Group__MID--AUDIO_08_R1_2013_wav--4.wav,219.655229063
932,Joseph Haydn,"Sonata in G Major, Hob. XVI:6, First Movement",test,2011,2011/MIDI-Unprocessed_05_R1_2011_MID--AUDIO_R1-D2_10_Track10_wav.midi,2011/MIDI-Unprocessed_05_R1_2011_MID--AUDIO_R1-D2_10_Track10_wav.wav,186.908199844
256,Franz Liszt,"Transcendental Etude No. 11 ""Harmonies du Soir""",test,2008,2008/MIDI-Unprocessed_04_R3_2008_01-07_ORIG_MID--AUDIO_04_R3_2008_wav--7.midi,2008/MIDI-Unprocessed_04_R3_2008_01-07_ORIG_MID--AUDIO_04_R3_2008_wav--7.wav,607.479360469
1269,Wolfgang Amadeus Mozart,"Sonata in F Major, K. 280, 1st mov.",test,2013,2013/ORIG-MIDI_03_7_6_13_Group__MID--AUDIO_09_R1_2013_wav--3.midi,2013/ORIG-MIDI_03_7_6_13_Group__MID--AUDIO_09_R1_2013_wav--3.wav,192.605309531
